id,wrkhrs,wrkslf
1,60,Self-Employed
2,40,Work For Someone Else
4,20,Work For Someone Else
6,60,Self-Employed
8,40,Work For Someone Else
10,55,Work For Someone Else
14,37,Work For Someone Else
16,6,Self-Employed
17,20,Work For Someone Else
18,55,Self-Employed
19,50,Work For Someone Else
20,38,Work For Someone Else
21,38,Work For Someone Else
25,40,Self-Employed
26,28,Self-Employed
27,40,Work For Someone Else
28,40,Self-Employed
29,40,Work For Someone Else
30,40,Work For Someone Else
32,40,Work For Someone Else
34,70,Self-Employed
35,40,Work For Someone Else
36,40,Work For Someone Else
37,40,Work For Someone Else
38,39,Work For Someone Else
39,15,Work For Someone Else
40,50,Work For Someone Else
41,35,Work For Someone Else
44,45,Work For Someone Else
45,60,Work For Someone Else
46,40,Work For Someone Else
47,45,Work For Someone Else
48,40,Work For Someone Else
49,40,Work For Someone Else
50,40,Work For Someone Else
51,40,Work For Someone Else
52,40,Work For Someone Else
53,60,Work For Someone Else
55,40,Self-Employed
56,16,Work For Someone Else
58,40,Work For Someone Else
59,30,Work For Someone Else
61,14,Work For Someone Else
62,36,Work For Someone Else
64,40,Work For Someone Else
65,55,Work For Someone Else
66,35,Self-Employed
67,50,Self-Employed
68,70,Work For Someone Else
69,50,Work For Someone Else
70,40,Work For Someone Else
73,45,Work For Someone Else
74,41,Work For Someone Else
75,60,Work For Someone Else
77,60,Work For Someone Else
78,65,Work For Someone Else
81,45,Work For Someone Else
88,37,Work For Someone Else
89,65,Work For Someone Else
90,35,Work For Someone Else
91,45,Work For Someone Else
94,15,Work For Someone Else
98,40,Work For Someone Else
99,60,Work For Someone Else
101,56,Work For Someone Else
102,55,Work For Someone Else
103,36,Work For Someone Else
104,38,Work For Someone Else
105,72,Self-Employed
106,50,Self-Employed
109,40,Work For Someone Else
110,40,Work For Someone Else
111,50,Work For Someone Else
112,40,Work For Someone Else
113,50,Self-Employed
114,50,Self-Employed
116,50,Work For Someone Else
118,40,Work For Someone Else
119,40,Work For Someone Else
120,40,Work For Someone Else
123,30,Work For Someone Else
125,40,Work For Someone Else
128,60,Work For Someone Else
129,40,Work For Someone Else
131,37,Work For Someone Else
132,40,Work For Someone Else
136,57,Work For Someone Else
137,30,Self-Employed
139,40,Work For Someone Else
140,40,Work For Someone Else
141,37,Work For Someone Else
142,60,Work For Someone Else
143,40,Work For Someone Else
144,40,Self-Employed
149,36,Work For Someone Else
150,40,Work For Someone Else
151,24,Work For Someone Else
153,60,Work For Someone Else
154,40,Work For Someone Else
155,30,Work For Someone Else
157,60,Work For Someone Else
159,40,Work For Someone Else
161,60,Self-Employed
162,40,Work For Someone Else
164,48,Work For Someone Else
165,40,Work For Someone Else
171,1,Work For Someone Else
172,40,Work For Someone Else
173,50,Self-Employed
176,25,Work For Someone Else
178,31,Work For Someone Else
179,20,Self-Employed
180,40,Work For Someone Else
181,60,Work For Someone Else
184,48,Work For Someone Else
186,35,Work For Someone Else
187,40,Work For Someone Else
188,35,Work For Someone Else
189,40,Work For Someone Else
190,40,Work For Someone Else
191,40,Work For Someone Else
194,20,Work For Someone Else
195,40,Work For Someone Else
198,20,Work For Someone Else
199,25,Work For Someone Else
200,40,Work For Someone Else
205,45,Work For Someone Else
206,40,Work For Someone Else
207,32,Work For Someone Else
209,50,Work For Someone Else
211,28,Work For Someone Else
214,3,Self-Employed
215,40,Self-Employed
218,65,Self-Employed
220,40,Work For Someone Else
221,16,Self-Employed
222,32,Work For Someone Else
223,37,Work For Someone Else
225,40,Work For Someone Else
226,45,Self-Employed
227,40,Self-Employed
229,14,Work For Someone Else
232,8,Self-Employed
233,40,Self-Employed
234,40,Work For Someone Else
238,40,Work For Someone Else
240,47,Work For Someone Else
241,40,Work For Someone Else
242,60,Work For Someone Else
243,1,Work For Someone Else
244,44,Work For Someone Else
245,40,Self-Employed
250,40,Work For Someone Else
251,50,Work For Someone Else
252,48,Self-Employed
255,50,Work For Someone Else
256,40,Work For Someone Else
259,60,Self-Employed
263,40,Work For Someone Else
270,40,Work For Someone Else
271,40,Work For Someone Else
274,40,Work For Someone Else
275,40,Work For Someone Else
277,20,Work For Someone Else
280,40,Work For Someone Else
282,45,Work For Someone Else
283,50,Work For Someone Else
287,30,Work For Someone Else
288,48,Work For Someone Else
289,40,Work For Someone Else
290,40,Work For Someone Else
291,12,Work For Someone Else
292,20,Work For Someone Else
295,65,Work For Someone Else
296,25,Self-Employed
297,42,Work For Someone Else
298,10,Work For Someone Else
302,35,Work For Someone Else
304,60,Self-Employed
305,40,Work For Someone Else
306,40,Work For Someone Else
307,40,Work For Someone Else
312,47,Work For Someone Else
313,54,Work For Someone Else
315,22,Work For Someone Else
316,40,Work For Someone Else
319,40,Work For Someone Else
320,40,Work For Someone Else
324,40,Work For Someone Else
325,32,Work For Someone Else
328,15,Work For Someone Else
331,51,Work For Someone Else
333,40,Work For Someone Else
334,40,Work For Someone Else
335,20,Self-Employed
336,48,Work For Someone Else
341,40,Work For Someone Else
343,60,Work For Someone Else
345,40,Work For Someone Else
346,70,Work For Someone Else
348,70,Work For Someone Else
349,60,Self-Employed
351,15,Self-Employed
353,38,Work For Someone Else
355,50,Work For Someone Else
356,30,Work For Someone Else
357,65,Work For Someone Else
358,23,Work For Someone Else
359,48,Work For Someone Else
361,28,Work For Someone Else
362,50,Self-Employed
363,27,Work For Someone Else
364,40,Work For Someone Else
365,40,Work For Someone Else
366,60,Work For Someone Else
367,38,Work For Someone Else
368,35,Work For Someone Else
369,50,Work For Someone Else
370,40,Work For Someone Else
372,40,Work For Someone Else
375,50,Work For Someone Else
376,20,Work For Someone Else
377,50,Self-Employed
379,50,Self-Employed
380,40,Work For Someone Else
381,36,Work For Someone Else
382,50,Work For Someone Else
383,24,Work For Someone Else
385,40,Work For Someone Else
386,80,Work For Someone Else
387,49,Work For Someone Else
392,50,Work For Someone Else
393,40,Work For Someone Else
394,3,Work For Someone Else
395,40,Work For Someone Else
396,16,Work For Someone Else
398,60,Work For Someone Else
400,40,Work For Someone Else
402,60,Work For Someone Else
403,42,Work For Someone Else
405,45,Work For Someone Else
406,40,Work For Someone Else
407,50,Work For Someone Else
409,40,Work For Someone Else
410,1,Work For Someone Else
411,50,Work For Someone Else
412,37,Work For Someone Else
414,30,Self-Employed
415,40,Work For Someone Else
416,60,Work For Someone Else
417,15,Self-Employed
418,45,Work For Someone Else
419,40,Work For Someone Else
420,40,Work For Someone Else
421,15,Self-Employed
422,40,Work For Someone Else
423,40,Work For Someone Else
424,40,Work For Someone Else
426,42,Work For Someone Else
427,40,Self-Employed
429,30,Self-Employed
430,45,Work For Someone Else
435,66,Work For Someone Else
436,60,Work For Someone Else
437,60,Self-Employed
438,60,Work For Someone Else
439,15,Self-Employed
440,10,Work For Someone Else
442,45,Work For Someone Else
443,40,Work For Someone Else
444,50,Work For Someone Else
445,23,Work For Someone Else
446,30,Self-Employed
447,60,Self-Employed
449,40,Work For Someone Else
450,40,Work For Someone Else
454,45,Work For Someone Else
455,50,Work For Someone Else
458,55,Work For Someone Else
459,39,Work For Someone Else
462,40,Work For Someone Else
464,30,Work For Someone Else
467,40,Work For Someone Else
470,10,Work For Someone Else
471,42,Work For Someone Else
474,47,Work For Someone Else
476,48,Work For Someone Else
477,40,Work For Someone Else
479,40,Work For Someone Else
480,40,Work For Someone Else
481,40,Self-Employed
482,50,Work For Someone Else
485,62,Work For Someone Else
486,60,Work For Someone Else
487,50,Work For Someone Else
488,24,Work For Someone Else
489,50,Work For Someone Else
490,30,Work For Someone Else
491,60,Work For Someone Else
492,55,Work For Someone Else
495,32,Work For Someone Else
496,28,Work For Someone Else
497,40,Self-Employed
499,50,Work For Someone Else
500,40,Work For Someone Else
503,40,Self-Employed
504,50,Self-Employed
505,1,Work For Someone Else
506,50,Self-Employed
509,40,Work For Someone Else
510,56,Work For Someone Else
511,40,Work For Someone Else
512,40,Work For Someone Else
514,45,Work For Someone Else
516,35,Self-Employed
518,50,Work For Someone Else
520,40,Work For Someone Else
521,50,Work For Someone Else
522,37,Work For Someone Else
525,42,Work For Someone Else
526,40,Work For Someone Else
528,56,Work For Someone Else
529,40,Work For Someone Else
530,40,Work For Someone Else
531,40,Work For Someone Else
532,60,Work For Someone Else
534,40,Work For Someone Else
535,45,Work For Someone Else
536,35,Work For Someone Else
537,16,Work For Someone Else
538,50,Work For Someone Else
539,40,Work For Someone Else
541,40,Self-Employed
544,40,Work For Someone Else
545,32,Work For Someone Else
547,30,Self-Employed
549,20,Work For Someone Else
551,16,Work For Someone Else
552,38,Self-Employed
555,40,Work For Someone Else
556,45,Work For Someone Else
560,32,Work For Someone Else
561,40,Work For Someone Else
564,40,Work For Someone Else
567,50,Work For Someone Else
569,20,Work For Someone Else
570,18,Work For Someone Else
572,40,Work For Someone Else
573,40,Work For Someone Else
574,35,Work For Someone Else
577,40,Work For Someone Else
578,41,Work For Someone Else
580,24,Work For Someone Else
583,40,Self-Employed
584,50,Work For Someone Else
585,36,Work For Someone Else
587,50,Work For Someone Else
588,47,Self-Employed
591,40,Work For Someone Else
592,40,Work For Someone Else
596,60,Work For Someone Else
600,40,Work For Someone Else
602,40,Work For Someone Else
604,20,Work For Someone Else
605,40,Work For Someone Else
606,20,Work For Someone Else
611,40,Self-Employed
612,60,Work For Someone Else
613,40,Self-Employed
615,40,Work For Someone Else
616,40,Work For Someone Else
617,40,Work For Someone Else
619,50,Work For Someone Else
620,40,Work For Someone Else
625,40,Work For Someone Else
626,33,Work For Someone Else
627,40,Work For Someone Else
630,20,Work For Someone Else
632,42,Work For Someone Else
633,40,Work For Someone Else
636,40,Work For Someone Else
642,26,Work For Someone Else
643,30,Work For Someone Else
646,65,Work For Someone Else
648,50,Work For Someone Else
649,65,Work For Someone Else
650,60,Work For Someone Else
652,47,Work For Someone Else
653,60,Work For Someone Else
654,63,Work For Someone Else
657,30,Self-Employed
658,44,Work For Someone Else
659,40,Work For Someone Else
660,40,Work For Someone Else
662,50,Work For Someone Else
663,40,Work For Someone Else
666,36,Work For Someone Else
667,50,Self-Employed
668,52,Work For Someone Else
669,60,Work For Someone Else
671,45,Work For Someone Else
672,50,Work For Someone Else
673,50,Work For Someone Else
674,42,Work For Someone Else
675,40,Work For Someone Else
676,53,Work For Someone Else
678,24,Work For Someone Else
679,42,Work For Someone Else
681,50,Work For Someone Else
682,50,Work For Someone Else
684,40,Work For Someone Else
685,50,Work For Someone Else
686,42,Self-Employed
687,24,Self-Employed
688,55,Work For Someone Else
690,60,Work For Someone Else
691,8,Self-Employed
695,40,Work For Someone Else
696,40,Work For Someone Else
697,50,Work For Someone Else
698,50,Work For Someone Else
701,40,Work For Someone Else
704,40,Work For Someone Else
705,60,Work For Someone Else
706,25,Work For Someone Else
707,40,Work For Someone Else
709,50,Work For Someone Else
710,35,Work For Someone Else
711,20,Work For Someone Else
712,20,Self-Employed
714,40,Work For Someone Else
715,25,Work For Someone Else
718,21,Self-Employed
719,35,Work For Someone Else
720,24,Work For Someone Else
722,60,Self-Employed
723,40,Work For Someone Else
724,36,Work For Someone Else
725,40,Work For Someone Else
726,50,Work For Someone Else
729,40,Work For Someone Else
730,40,Work For Someone Else
731,50,Work For Someone Else
732,17,Work For Someone Else
733,40,Work For Someone Else
734,40,Work For Someone Else
736,48,Work For Someone Else
737,36,Work For Someone Else
738,40,Work For Someone Else
741,35,Work For Someone Else
745,20,Work For Someone Else
746,40,Work For Someone Else
748,48,Work For Someone Else
749,40,Work For Someone Else
750,40,Self-Employed
751,27,Work For Someone Else
753,37,Work For Someone Else
756,37,Work For Someone Else
758,56,Work For Someone Else
761,40,Work For Someone Else
765,40,Work For Someone Else
766,80,Work For Someone Else
767,40,Work For Someone Else
769,8,Work For Someone Else
770,60,Self-Employed
771,50,Work For Someone Else
772,50,Work For Someone Else
773,20,Work For Someone Else
777,60,Work For Someone Else
778,40,Self-Employed
779,40,Work For Someone Else
781,60,Work For Someone Else
782,60,Self-Employed
783,60,Work For Someone Else
785,65,Self-Employed
786,36,Work For Someone Else
787,50,Work For Someone Else
789,75,Work For Someone Else
791,25,Work For Someone Else
792,43,Work For Someone Else
793,20,Self-Employed
798,60,Work For Someone Else
799,40,Self-Employed
801,30,Work For Someone Else
803,48,Work For Someone Else
805,60,Work For Someone Else
806,60,Work For Someone Else
807,60,Work For Someone Else
808,50,Work For Someone Else
810,85,Work For Someone Else
814,39,Work For Someone Else
815,15,Work For Someone Else
817,35,Work For Someone Else
818,40,Work For Someone Else
819,40,Work For Someone Else
820,37,Work For Someone Else
821,50,Work For Someone Else
826,25,Work For Someone Else
827,60,Work For Someone Else
829,40,Work For Someone Else
831,40,Work For Someone Else
832,21,Work For Someone Else
833,36,Work For Someone Else
834,30,Work For Someone Else
835,45,Work For Someone Else
836,40,Work For Someone Else
837,15,Self-Employed
838,40,Work For Someone Else
840,40,Work For Someone Else
841,55,Self-Employed
843,40,Self-Employed
845,40,Work For Someone Else
846,20,Work For Someone Else
849,40,Work For Someone Else
851,30,Work For Someone Else
855,40,Work For Someone Else
857,80,Self-Employed
859,15,Work For Someone Else
860,40,Work For Someone Else
861,50,Work For Someone Else
862,24,Work For Someone Else
863,21,Work For Someone Else
866,80,Work For Someone Else
868,42,Work For Someone Else
869,38,Work For Someone Else
871,40,Self-Employed
872,60,Work For Someone Else
873,36,Work For Someone Else
874,48,Work For Someone Else
875,40,Work For Someone Else
876,40,Work For Someone Else
877,60,Work For Someone Else
878,45,Work For Someone Else
879,60,Work For Someone Else
880,65,Work For Someone Else
881,20,Self-Employed
882,40,Work For Someone Else
883,55,Work For Someone Else
884,45,Work For Someone Else
887,24,Work For Someone Else
889,45,Work For Someone Else
890,40,Work For Someone Else
891,37,Self-Employed
892,30,Work For Someone Else
893,40,Work For Someone Else
895,60,Work For Someone Else
896,25,Work For Someone Else
897,28,Work For Someone Else
898,40,Work For Someone Else
899,40,Work For Someone Else
900,45,Work For Someone Else
901,40,Work For Someone Else
903,40,Work For Someone Else
904,40,Work For Someone Else
905,40,Work For Someone Else
906,82,Work For Someone Else
907,40,Work For Someone Else
908,24,Work For Someone Else
909,40,Work For Someone Else
911,40,Work For Someone Else
914,20,Self-Employed
915,40,Work For Someone Else
917,15,Self-Employed
918,45,Self-Employed
919,57,Work For Someone Else
920,21,Work For Someone Else
921,40,Work For Someone Else
922,40,Work For Someone Else
923,37,Work For Someone Else
924,45,Work For Someone Else
927,35,Self-Employed
929,45,Work For Someone Else
930,56,Work For Someone Else
932,60,Work For Someone Else
933,45,Work For Someone Else
935,45,Work For Someone Else
937,50,Work For Someone Else
941,40,Work For Someone Else
942,40,Self-Employed
943,40,Work For Someone Else
944,52,Work For Someone Else
945,40,Work For Someone Else
947,55,Work For Someone Else
953,50,Work For Someone Else
955,60,Work For Someone Else
956,32,Work For Someone Else
957,27,Self-Employed
958,65,Work For Someone Else
961,40,Work For Someone Else
962,40,Work For Someone Else
963,70,Self-Employed
964,50,Self-Employed
965,40,Work For Someone Else
967,40,Work For Someone Else
969,10,Self-Employed
970,1,Self-Employed
971,50,Work For Someone Else
973,2,Self-Employed
974,48,Work For Someone Else
978,15,Self-Employed
980,20,Work For Someone Else
981,40,Self-Employed
982,38,Work For Someone Else
985,30,Self-Employed
987,32,Work For Someone Else
988,40,Work For Someone Else
989,4,Work For Someone Else
991,65,Self-Employed
993,46,Work For Someone Else
997,15,Work For Someone Else
999,60,Work For Someone Else
1000,34,Work For Someone Else
1001,57,Work For Someone Else
1002,80,Work For Someone Else
1003,30,Work For Someone Else
1004,46,Work For Someone Else
1005,40,Work For Someone Else
1007,50,Self-Employed
1011,43,Work For Someone Else
1014,44,Work For Someone Else
1016,56,Work For Someone Else
1017,40,Work For Someone Else
1019,40,Work For Someone Else
1020,40,Work For Someone Else
1022,40,Work For Someone Else
1023,50,Work For Someone Else
1026,48,Work For Someone Else
1027,40,Work For Someone Else
1030,42,Work For Someone Else
1032,60,Work For Someone Else
1033,70,Work For Someone Else
1036,40,Work For Someone Else
1037,50,Work For Someone Else
1039,40,Work For Someone Else
1041,50,Work For Someone Else
1042,35,Work For Someone Else
1044,40,Work For Someone Else
1045,40,Work For Someone Else
1053,75,Self-Employed
1054,40,Work For Someone Else
1056,60,Work For Someone Else
1057,42,Work For Someone Else
1059,40,Work For Someone Else
1060,20,Work For Someone Else
1061,50,Work For Someone Else
1065,40,Work For Someone Else
1066,40,Work For Someone Else
1068,80,Self-Employed
1069,40,Work For Someone Else
1070,80,Self-Employed
1071,32,Self-Employed
1074,41,Self-Employed
1076,40,Work For Someone Else
1078,28,Work For Someone Else
1081,40,Work For Someone Else
1082,40,Work For Someone Else
1087,40,Work For Someone Else
1088,17,Work For Someone Else
1089,40,Work For Someone Else
1093,40,Work For Someone Else
1094,50,Work For Someone Else
1099,30,Self-Employed
1102,44,Work For Someone Else
1103,55,Work For Someone Else
1104,45,Work For Someone Else
1107,55,Work For Someone Else
1108,20,Self-Employed
1109,40,Work For Someone Else
1110,50,Work For Someone Else
1111,24,Work For Someone Else
1112,35,Self-Employed
1114,35,Work For Someone Else
1115,40,Work For Someone Else
1116,40,Work For Someone Else
1117,40,Work For Someone Else
1118,50,Work For Someone Else
1119,40,Work For Someone Else
1120,44,Work For Someone Else
1121,40,Work For Someone Else
1123,18,Work For Someone Else
1126,55,Work For Someone Else
1128,60,Work For Someone Else
1129,47,Work For Someone Else
1130,60,Work For Someone Else
1131,50,Self-Employed
1134,40,Work For Someone Else
1135,40,Work For Someone Else
1138,60,Work For Someone Else
1142,40,Work For Someone Else
1143,30,Work For Someone Else
1144,40,Work For Someone Else
1145,46,Work For Someone Else
1146,42,Work For Someone Else
1148,54,Work For Someone Else
1149,50,Work For Someone Else
1150,57,Work For Someone Else
1152,70,Work For Someone Else
1154,40,Self-Employed
1157,36,Work For Someone Else
1158,40,Self-Employed
1159,30,Work For Someone Else
1160,50,Self-Employed
1162,55,Work For Someone Else
1163,39,Work For Someone Else
1167,30,Work For Someone Else
1168,40,Work For Someone Else
1169,49,Work For Someone Else
1170,40,Work For Someone Else
1171,60,Self-Employed
1173,50,Work For Someone Else
1177,40,Work For Someone Else
1179,20,Self-Employed
1180,25,Self-Employed
1181,40,Work For Someone Else
1183,28,Work For Someone Else
1185,40,Work For Someone Else
1186,75,Work For Someone Else
1188,50,Work For Someone Else
1192,40,Work For Someone Else
1193,40,Work For Someone Else
1194,60,Work For Someone Else
1196,30,Work For Someone Else
1198,60,Self-Employed
1199,40,Work For Someone Else
1202,40,Work For Someone Else
1205,8,Work For Someone Else
1206,56,Work For Someone Else
1208,30,Work For Someone Else
1209,40,Work For Someone Else
1210,16,Work For Someone Else
1211,45,Work For Someone Else
1212,40,Work For Someone Else
1214,35,Work For Someone Else
1215,40,Work For Someone Else
1217,8,Work For Someone Else
1218,37,Work For Someone Else
1220,40,Work For Someone Else
1223,40,Work For Someone Else
1225,40,Work For Someone Else
1226,40,Work For Someone Else
1227,40,Work For Someone Else
1228,50,Self-Employed
1231,40,Work For Someone Else
1232,80,Work For Someone Else
1233,55,Self-Employed
1234,40,Work For Someone Else
1236,60,Work For Someone Else
1237,54,Work For Someone Else
1238,5,Work For Someone Else
1241,35,Self-Employed
1242,40,Work For Someone Else
1243,35,Work For Someone Else
1244,40,Work For Someone Else
1245,38,Work For Someone Else
1247,24,Self-Employed
1250,7,Work For Someone Else
1251,30,Work For Someone Else
1253,8,Self-Employed
1254,40,Self-Employed
1255,40,Work For Someone Else
1256,32,Work For Someone Else
1259,30,Work For Someone Else
1261,25,Work For Someone Else
1262,40,Work For Someone Else
1263,46,Work For Someone Else
1264,40,Work For Someone Else
1265,40,Work For Someone Else
1266,30,Work For Someone Else
1268,52,Work For Someone Else
1270,25,Work For Someone Else
1272,28,Work For Someone Else
1273,36,Work For Someone Else
1275,45,Work For Someone Else
1276,55,Work For Someone Else
1280,12,Self-Employed
1281,40,Work For Someone Else
1282,40,Work For Someone Else
1284,40,Work For Someone Else
1288,40,Work For Someone Else
1293,30,Self-Employed
1294,40,Work For Someone Else
1297,50,Work For Someone Else
1299,40,Work For Someone Else
1302,70,Work For Someone Else
1303,60,Work For Someone Else
1306,35,Self-Employed
1309,40,Work For Someone Else
1310,20,Work For Someone Else
1311,40,Work For Someone Else
1312,40,Work For Someone Else
1313,45,Work For Someone Else
1314,45,Work For Someone Else
1315,40,Work For Someone Else
1316,15,Work For Someone Else
1317,40,Work For Someone Else
1318,32,Work For Someone Else
1319,55,Work For Someone Else
1323,50,Work For Someone Else
1325,4,Work For Someone Else
1326,40,Work For Someone Else
1328,50,Work For Someone Else
1329,55,Work For Someone Else
1331,55,Work For Someone Else
1332,60,Work For Someone Else
1334,30,Work For Someone Else
1336,48,Work For Someone Else
1337,45,Work For Someone Else
1338,40,Work For Someone Else
1339,50,Work For Someone Else
1341,45,Work For Someone Else
1344,60,Work For Someone Else
1345,60,Work For Someone Else
1346,60,Work For Someone Else
1347,60,Work For Someone Else
1348,45,Work For Someone Else
1350,40,Work For Someone Else
1353,30,Work For Someone Else
1354,70,Work For Someone Else
1356,40,Work For Someone Else
1357,55,Work For Someone Else
1359,40,Work For Someone Else
1360,20,Work For Someone Else
1362,70,Work For Someone Else
1364,12,Self-Employed
1365,70,Work For Someone Else
1366,35,Work For Someone Else
1367,30,Self-Employed
1371,45,Work For Someone Else
1373,40,Work For Someone Else
1374,50,Work For Someone Else
1375,40,Work For Someone Else
1376,28,Work For Someone Else
1377,10,Self-Employed
1378,30,Work For Someone Else
1379,40,Work For Someone Else
1381,32,Work For Someone Else
1382,40,Self-Employed
1383,40,Work For Someone Else
1385,20,Work For Someone Else
1386,62,Work For Someone Else
1387,45,Work For Someone Else
1392,25,Work For Someone Else
1393,25,Self-Employed
1394,35,Work For Someone Else
1396,40,Work For Someone Else
1397,38,Work For Someone Else
1405,30,Self-Employed
1410,40,Work For Someone Else
1411,37,Work For Someone Else
1412,39,Work For Someone Else
1413,29,Work For Someone Else
1415,40,Work For Someone Else
1416,30,Work For Someone Else
1418,40,Work For Someone Else
1419,40,Work For Someone Else
1421,25,Work For Someone Else
1422,32,Work For Someone Else
1423,10,Work For Someone Else
1426,39,Work For Someone Else
1429,50,Work For Someone Else
1430,20,Work For Someone Else
1431,50,Self-Employed
1437,38,Work For Someone Else
1440,40,Work For Someone Else
1442,30,Work For Someone Else
1443,65,Work For Someone Else
1447,35,Work For Someone Else
1448,20,Work For Someone Else
1452,40,Work For Someone Else
1453,50,Work For Someone Else
1454,45,Work For Someone Else
1455,45,Work For Someone Else
1456,8,Work For Someone Else
1457,40,Work For Someone Else
1459,16,Work For Someone Else
1461,40,Work For Someone Else
1463,48,Work For Someone Else
1464,40,Work For Someone Else
1465,70,Work For Someone Else
1471,40,Work For Someone Else
1472,40,Work For Someone Else
1475,20,Work For Someone Else
1476,50,Self-Employed
1477,18,Work For Someone Else
1478,45,Work For Someone Else
1479,40,Work For Someone Else
1480,30,Work For Someone Else
1483,45,Work For Someone Else
1484,40,Work For Someone Else
1486,60,Work For Someone Else
1489,27,Work For Someone Else
1492,40,Work For Someone Else
1493,26,Work For Someone Else
1494,38,Work For Someone Else
1495,24,Work For Someone Else
1497,30,Self-Employed
1498,37,Work For Someone Else
1499,20,Self-Employed
1500,29,Work For Someone Else
1501,37,Work For Someone Else
1502,38,Work For Someone Else
1503,30,Work For Someone Else
1505,30,Work For Someone Else
1506,30,Work For Someone Else
1507,25,Work For Someone Else
1508,40,Work For Someone Else
1509,30,Work For Someone Else
1510,10,Work For Someone Else
1512,60,Work For Someone Else
1513,12,Work For Someone Else
1514,60,Work For Someone Else
1515,30,Work For Someone Else
1516,40,Work For Someone Else
1517,39,Work For Someone Else
1519,40,Work For Someone Else
1520,30,Work For Someone Else
1523,30,Work For Someone Else
1526,40,Work For Someone Else
1527,45,Work For Someone Else
1528,38,Work For Someone Else
1531,45,Self-Employed
1536,20,Work For Someone Else
1537,40,Work For Someone Else
1538,48,Work For Someone Else
1541,40,Work For Someone Else
1543,40,Work For Someone Else
1544,55,Work For Someone Else
1545,50,Work For Someone Else
1546,50,Self-Employed
1548,52,Work For Someone Else
1549,65,Work For Someone Else
1550,42,Work For Someone Else
1551,40,Self-Employed
1555,70,Work For Someone Else
1557,40,Self-Employed
1558,37,Work For Someone Else
1559,50,Work For Someone Else
1561,50,Work For Someone Else
1562,60,Self-Employed
1565,30,Work For Someone Else
1566,30,Work For Someone Else
1569,15,Work For Someone Else
1570,34,Work For Someone Else
1576,40,Work For Someone Else
1577,25,Work For Someone Else
1580,32,Work For Someone Else
1581,15,Work For Someone Else
1584,32,Work For Someone Else
1585,40,Work For Someone Else
1588,32,Work For Someone Else
1590,45,Work For Someone Else
1591,50,Work For Someone Else
1592,40,Work For Someone Else
1593,34,Work For Someone Else
1597,40,Work For Someone Else
1602,40,Work For Someone Else
1604,58,Work For Someone Else
1605,80,Work For Someone Else
1606,49,Work For Someone Else
1607,40,Work For Someone Else
1610,35,Work For Someone Else
1614,25,Self-Employed
1617,25,Work For Someone Else
1619,20,Work For Someone Else
1621,50,Work For Someone Else
1623,40,Work For Someone Else
1625,12,Work For Someone Else
1628,30,Work For Someone Else
1629,40,Work For Someone Else
1630,45,Work For Someone Else
1631,42,Work For Someone Else
1632,12,Work For Someone Else
1635,40,Work For Someone Else
1636,40,Work For Someone Else
1637,40,Work For Someone Else
1641,40,Work For Someone Else
1644,47,Work For Someone Else
1645,40,Work For Someone Else
1646,40,Work For Someone Else
1647,40,Work For Someone Else
1649,45,Work For Someone Else
1651,80,Work For Someone Else
1656,40,Work For Someone Else
1657,46,Work For Someone Else
1658,40,Work For Someone Else
1659,50,Work For Someone Else
1661,60,Work For Someone Else
1664,40,Work For Someone Else
1665,40,Work For Someone Else
1667,40,Work For Someone Else
1672,60,Self-Employed
1674,42,Work For Someone Else
1676,40,Work For Someone Else
1677,40,Work For Someone Else
1679,32,Work For Someone Else
1680,3,Work For Someone Else
1686,50,Work For Someone Else
1687,44,Work For Someone Else
1689,40,Work For Someone Else
1690,40,Work For Someone Else
1693,40,Work For Someone Else
1694,40,Work For Someone Else
1697,60,Work For Someone Else
1699,40,Work For Someone Else
1700,70,Work For Someone Else
1701,55,Work For Someone Else
1702,42,Work For Someone Else
1703,45,Work For Someone Else
1704,35,Self-Employed
1705,62,Work For Someone Else
1706,58,Work For Someone Else
1707,60,Work For Someone Else
1708,40,Self-Employed
1711,40,Work For Someone Else
1712,40,Work For Someone Else
1713,40,Work For Someone Else
1714,40,Work For Someone Else
1715,31,Work For Someone Else
1716,80,Work For Someone Else
1721,18,Work For Someone Else
1726,40,Work For Someone Else
1727,50,Work For Someone Else
1734,45,Self-Employed
1735,40,Work For Someone Else
1737,55,Work For Someone Else
1738,40,Work For Someone Else
1740,20,Work For Someone Else
1741,38,Work For Someone Else
1743,30,Work For Someone Else
1744,65,Work For Someone Else
1745,50,Work For Someone Else
1746,40,Work For Someone Else
1752,40,Work For Someone Else
1753,40,Work For Someone Else
1760,10,Work For Someone Else
1761,40,Work For Someone Else
1765,24,Self-Employed
1766,40,Work For Someone Else
1767,40,Work For Someone Else
1768,24,Work For Someone Else
1770,60,Work For Someone Else
1771,55,Work For Someone Else
1772,43,Work For Someone Else
1779,40,Work For Someone Else
1780,27,Work For Someone Else
1782,48,Work For Someone Else
1783,45,Self-Employed
1788,51,Work For Someone Else
1789,40,Work For Someone Else
1790,45,Work For Someone Else
1791,44,Work For Someone Else
1793,21,Work For Someone Else
1797,51,Work For Someone Else
1799,48,Work For Someone Else
1800,24,Work For Someone Else
1801,40,Work For Someone Else
1802,35,Work For Someone Else
1804,35,Work For Someone Else
1807,80,Work For Someone Else
1809,47,Work For Someone Else
1812,40,Work For Someone Else
1813,52,Work For Someone Else
1815,20,Self-Employed
1816,50,Work For Someone Else
1818,4,Self-Employed
1819,50,Self-Employed
1821,45,Work For Someone Else
1822,40,Work For Someone Else
1824,40,Work For Someone Else
1827,60,Work For Someone Else
1830,65,Self-Employed
1831,40,Work For Someone Else
1832,70,Self-Employed
1834,50,Work For Someone Else
1838,50,Self-Employed
1843,75,Work For Someone Else
1845,65,Work For Someone Else
1846,40,Work For Someone Else
1848,40,Work For Someone Else
1849,50,Work For Someone Else
1850,40,Work For Someone Else
1851,62,Work For Someone Else
1852,40,Work For Someone Else
1853,38,Work For Someone Else
1854,40,Work For Someone Else
1855,15,Work For Someone Else
1859,40,Work For Someone Else
1860,40,Work For Someone Else
1867,44,Work For Someone Else
1870,40,Work For Someone Else
1871,50,Work For Someone Else
1873,16,Self-Employed
1877,58,Work For Someone Else
1879,40,Work For Someone Else
1882,53,Work For Someone Else
1883,60,Self-Employed
1887,70,Work For Someone Else
1888,44,Work For Someone Else
1889,40,Work For Someone Else
1890,60,Work For Someone Else
1891,47,Work For Someone Else
1892,40,Work For Someone Else
1893,40,Work For Someone Else
1895,40,Work For Someone Else
1896,40,Work For Someone Else
1897,45,Work For Someone Else
1900,47,Work For Someone Else
1902,40,Work For Someone Else
1904,30,Self-Employed
1906,40,Work For Someone Else
1908,58,Work For Someone Else
1910,32,Work For Someone Else
1912,80,Self-Employed
1913,8,Work For Someone Else
1914,60,Work For Someone Else
1917,33,Work For Someone Else
1918,45,Work For Someone Else
1919,55,Work For Someone Else
1920,55,Self-Employed
1921,50,Work For Someone Else
1922,70,Self-Employed
1923,47,Work For Someone Else
1924,62,Work For Someone Else
1925,40,Work For Someone Else
1926,45,Self-Employed
1928,38,Work For Someone Else
1930,39,Work For Someone Else
1932,54,Work For Someone Else
1933,25,Work For Someone Else
1934,43,Work For Someone Else
1936,40,Work For Someone Else
1938,60,Work For Someone Else
1939,50,Work For Someone Else
1941,40,Work For Someone Else
1942,57,Work For Someone Else
1943,55,Work For Someone Else
1947,40,Work For Someone Else
1949,45,Work For Someone Else
1950,40,Work For Someone Else
1951,30,Work For Someone Else
1952,50,Work For Someone Else
1953,50,Work For Someone Else
1954,40,Work For Someone Else
1956,60,Work For Someone Else
1958,40,Work For Someone Else
1960,40,Work For Someone Else
1962,40,Work For Someone Else
1963,68,Work For Someone Else
1965,60,Work For Someone Else
1966,45,Self-Employed
1967,36,Work For Someone Else
1969,40,Work For Someone Else
1970,40,Work For Someone Else
1971,40,Work For Someone Else
1972,60,Work For Someone Else
1973,20,Self-Employed
1976,45,Work For Someone Else
1977,40,Work For Someone Else
1978,40,Work For Someone Else
1979,34,Work For Someone Else
1980,60,Work For Someone Else
1982,30,Self-Employed
1983,40,Work For Someone Else
1984,25,Self-Employed
1988,40,Self-Employed
1990,12,Self-Employed
1991,40,Work For Someone Else
1992,60,Work For Someone Else
1993,79,Work For Someone Else
1994,40,Work For Someone Else
1997,40,Work For Someone Else
1998,45,Self-Employed
1999,40,Work For Someone Else
2001,50,Work For Someone Else
2002,32,Work For Someone Else
2006,20,Self-Employed
2008,35,Self-Employed
2009,50,Work For Someone Else
2012,52,Work For Someone Else
2013,20,Self-Employed
2020,45,Work For Someone Else
2021,60,Work For Someone Else
2022,60,Work For Someone Else
2024,40,Work For Someone Else
2025,50,Work For Someone Else
2027,20,Work For Someone Else
2028,57,Work For Someone Else
2029,84,Work For Someone Else
2032,40,Work For Someone Else
2034,32,Self-Employed
2035,40,Self-Employed
2036,40,Work For Someone Else
2037,28,Work For Someone Else
2038,30,Work For Someone Else
2039,70,Self-Employed
2043,50,Work For Someone Else
2044,40,Work For Someone Else
2045,50,Self-Employed
2050,40,Work For Someone Else
2051,33,Work For Someone Else
2054,40,Work For Someone Else
2055,40,Work For Someone Else
2057,45,Work For Someone Else
2059,40,Self-Employed
2061,50,Work For Someone Else
2062,50,Work For Someone Else
2063,45,Work For Someone Else
2067,20,Work For Someone Else
2068,40,Work For Someone Else
2069,40,Work For Someone Else
2071,50,Work For Someone Else
2072,40,Work For Someone Else
2074,35,Work For Someone Else
2075,50,Work For Someone Else
2076,36,Work For Someone Else
2077,40,Work For Someone Else
2078,40,Work For Someone Else
2079,50,Self-Employed
2080,45,Work For Someone Else
2081,35,Self-Employed
2083,35,Work For Someone Else
2084,35,Work For Someone Else
2085,50,Self-Employed
2086,49,Work For Someone Else
2087,40,Work For Someone Else
2088,34,Work For Someone Else
2089,57,Work For Someone Else
2090,20,Self-Employed
2091,44,Work For Someone Else
2092,38,Work For Someone Else
2094,50,Work For Someone Else
2095,55,Work For Someone Else
2097,40,Work For Someone Else
2098,30,Work For Someone Else
2099,50,Work For Someone Else
2102,8,Self-Employed
2103,52,Work For Someone Else
2104,70,Self-Employed
2105,50,Work For Someone Else
2107,40,Work For Someone Else
2112,20,Work For Someone Else
2116,40,Work For Someone Else
2117,40,Work For Someone Else
2118,40,Work For Someone Else
2119,26,Work For Someone Else
2121,22,Work For Someone Else
2123,40,Work For Someone Else
2128,40,Work For Someone Else
2129,25,Work For Someone Else
2137,40,Work For Someone Else
2138,60,Self-Employed
2141,35,Work For Someone Else
2146,40,Work For Someone Else
2147,20,Self-Employed
2148,40,Work For Someone Else
2150,40,Work For Someone Else
2152,40,Work For Someone Else
2154,60,Self-Employed
2155,43,Work For Someone Else
2157,30,Self-Employed
2159,50,Work For Someone Else
2160,40,Self-Employed
2162,40,Work For Someone Else
2166,50,Self-Employed
2168,30,Self-Employed
2170,60,Work For Someone Else
2171,42,Work For Someone Else
2173,20,Work For Someone Else
2174,40,Work For Someone Else
2175,50,Self-Employed
2176,38,Work For Someone Else
2177,40,Work For Someone Else
2178,52,Work For Someone Else
2179,50,Work For Someone Else
2181,40,Work For Someone Else
2183,40,Work For Someone Else
2186,73,Work For Someone Else
2187,38,Work For Someone Else
2189,50,Work For Someone Else
2190,53,Work For Someone Else
2191,40,Work For Someone Else
2192,40,Work For Someone Else
2193,50,Work For Someone Else
2194,48,Work For Someone Else
2199,55,Work For Someone Else
2200,40,Work For Someone Else
2201,50,Self-Employed
2206,30,Work For Someone Else
2207,60,Self-Employed
2212,40,Work For Someone Else
2214,30,Work For Someone Else
2215,10,Self-Employed
2218,12,Self-Employed
2219,40,Self-Employed
2221,40,Work For Someone Else
2222,40,Work For Someone Else
2223,40,Work For Someone Else
2224,40,Work For Someone Else
2225,60,Self-Employed
2226,70,Work For Someone Else
2227,40,Work For Someone Else
2228,70,Work For Someone Else
2230,70,Work For Someone Else
2232,40,Work For Someone Else
2233,40,Work For Someone Else
2235,40,Work For Someone Else
2236,50,Work For Someone Else
2237,80,Work For Someone Else
2238,24,Work For Someone Else
2239,40,Work For Someone Else
2240,40,Work For Someone Else
2242,25,Work For Someone Else
2243,48,Work For Someone Else
2244,35,Work For Someone Else
2246,50,Work For Someone Else
2249,56,Work For Someone Else
2250,10,Work For Someone Else
2251,15,Self-Employed
2252,42,Work For Someone Else
2257,60,Work For Someone Else
2259,5,Self-Employed
2260,32,Work For Someone Else
2261,40,Self-Employed
2262,40,Work For Someone Else
2264,40,Work For Someone Else
2266,60,Work For Someone Else
2268,40,Work For Someone Else
2269,40,Work For Someone Else
2271,50,Work For Someone Else
2272,25,Work For Someone Else
2273,32,Work For Someone Else
2274,40,Work For Someone Else
2278,40,Work For Someone Else
2279,40,Work For Someone Else
2281,20,Work For Someone Else
2283,52,Work For Someone Else
2286,36,Work For Someone Else
2288,40,Work For Someone Else
2290,30,Work For Someone Else
2291,40,Work For Someone Else
2293,50,Work For Someone Else
2294,50,Work For Someone Else
2295,52,Work For Someone Else
2299,47,Work For Someone Else
2300,40,Work For Someone Else
2301,72,Self-Employed
2302,28,Work For Someone Else
2307,30,Self-Employed
2308,15,Self-Employed
2312,40,Work For Someone Else
2313,70,Work For Someone Else
2314,36,Work For Someone Else
2315,50,Work For Someone Else
2317,45,Work For Someone Else
2319,28,Work For Someone Else
2320,60,Work For Someone Else
2321,45,Work For Someone Else
2322,40,Work For Someone Else
2324,32,Work For Someone Else
2326,40,Work For Someone Else
2329,40,Work For Someone Else
2331,39,Work For Someone Else
2336,40,Work For Someone Else
2337,40,Work For Someone Else
2340,40,Work For Someone Else
2341,50,Work For Someone Else
2342,40,Work For Someone Else
2343,45,Work For Someone Else
2344,40,Work For Someone Else
2345,40,Work For Someone Else
2347,50,Self-Employed
2348,45,Work For Someone Else
2350,20,Self-Employed
2353,40,Work For Someone Else
2355,30,Work For Someone Else
2356,40,Work For Someone Else
2357,40,Work For Someone Else
2359,50,Self-Employed
2360,35,Work For Someone Else
2361,40,Work For Someone Else
2363,83,Work For Someone Else
2366,40,Work For Someone Else
2368,70,Work For Someone Else
2369,60,Self-Employed
2370,70,Work For Someone Else
2371,8,Work For Someone Else
2373,40,Work For Someone Else
2374,40,Work For Someone Else
2375,65,Work For Someone Else
2378,55,Work For Someone Else
2382,28,Work For Someone Else
2383,45,Work For Someone Else
2385,35,Work For Someone Else
2386,40,Work For Someone Else
2388,45,Work For Someone Else
2390,44,Work For Someone Else
2391,40,Work For Someone Else
2392,40,Self-Employed
2394,8,Work For Someone Else
2395,70,Work For Someone Else
2398,55,Work For Someone Else
2399,30,Work For Someone Else
2400,24,Work For Someone Else
2402,40,Work For Someone Else
2403,45,Work For Someone Else
2404,35,Work For Someone Else
2405,50,Work For Someone Else
2406,40,Work For Someone Else
2407,36,Work For Someone Else
2408,46,Work For Someone Else
2410,30,Work For Someone Else
2412,40,Work For Someone Else
2415,40,Work For Someone Else
2416,25,Work For Someone Else
2417,40,Work For Someone Else
2418,15,Self-Employed
2420,34,Work For Someone Else
2421,57,Work For Someone Else
2422,50,Work For Someone Else
2423,40,Work For Someone Else
2424,65,Work For Someone Else
2425,32,Work For Someone Else
2426,50,Work For Someone Else
2428,48,Work For Someone Else
2431,52,Work For Someone Else
2433,75,Work For Someone Else
2435,35,Work For Someone Else
2439,24,Work For Someone Else
2442,37,Work For Someone Else
2443,41,Work For Someone Else
2444,65,Work For Someone Else
2452,35,Work For Someone Else
2453,35,Work For Someone Else
2455,80,Work For Someone Else
2456,55,Work For Someone Else
2459,55,Work For Someone Else
2460,70,Self-Employed
2461,30,Work For Someone Else
2462,40,Work For Someone Else
2463,52,Work For Someone Else
2464,60,Work For Someone Else
2468,20,Work For Someone Else
2469,40,Work For Someone Else
2470,44,Work For Someone Else
2471,40,Work For Someone Else
2472,40,Work For Someone Else
2475,40,Work For Someone Else
2476,40,Work For Someone Else
2479,45,Work For Someone Else
2480,67,Work For Someone Else
2483,40,Work For Someone Else
2485,40,Work For Someone Else
2487,20,Self-Employed
2488,20,Self-Employed
2489,40,Work For Someone Else
2492,46,Work For Someone Else
2493,28,Work For Someone Else
2495,40,Work For Someone Else
2497,34,Work For Someone Else
2499,40,Work For Someone Else
2504,48,Work For Someone Else
2505,60,Work For Someone Else
2512,40,Work For Someone Else
2513,40,Work For Someone Else
2514,40,Work For Someone Else
2515,43,Work For Someone Else
2517,40,Work For Someone Else
2519,40,Work For Someone Else
2521,40,Work For Someone Else
2522,40,Work For Someone Else
2523,55,Work For Someone Else
2524,15,Work For Someone Else
2526,20,Work For Someone Else
2527,50,Work For Someone Else
2528,40,Work For Someone Else
2529,40,Work For Someone Else
2530,40,Work For Someone Else
2531,50,Work For Someone Else
2534,40,Work For Someone Else
2535,48,Work For Someone Else
2536,48,Work For Someone Else
2540,46,Work For Someone Else
2541,40,Work For Someone Else
2542,40,Work For Someone Else
2543,48,Work For Someone Else
